threads,trial,steps,pi,absolute_error,seconds
1,1,250000,3.141592653591085,1.292299600663682e-12,0.111308
1,2,250000,3.141592653591085,1.292299600663682e-12,0.063532
1,3,250000,3.141592653591085,1.292299600663682e-12,0.066246
2,1,250000,1.590770835559242,1.550821818030551e+00,0.058310
2,2,250000,2.268833823106407,8.727588304833858e-01,0.058855
2,3,250000,1.635329177607171,1.506263475982622e+00,0.058287
4,1,250000,0.834195031392925,2.307397622196869e+00,0.063999
4,2,250000,0.834778153977245,2.306814499612548e+00,0.057346
4,3,250000,0.801649966627903,2.339942686961890e+00,0.055931
8,1,250000,1.265190648543515,1.876402005046278e+00,0.108744
8,2,250000,1.742174953776244,1.399417699813549e+00,0.091709
8,3,250000,1.811085307021649,1.330507346568144e+00,0.088046
