threads,trial,steps,pi,absolute_error,seconds,mean_seconds,speedup,efficiency
1,1,2000000,3.141592653589994,2.007283228522283e-13,0.097833,0.097496,1.000000,1.000000
1,2,2000000,3.141592653589994,2.007283228522283e-13,0.097250,0.097496,1.000000,1.000000
1,3,2000000,3.141592653589994,2.007283228522283e-13,0.097404,0.097496,1.000000,1.000000
2,1,2000000,3.141592653589796,3.108624468950438e-15,0.103748,0.100362,0.971440,0.485720
2,2,2000000,3.141592653589796,3.108624468950438e-15,0.099422,0.100362,0.971440,0.485720
2,3,2000000,3.141592653589796,3.108624468950438e-15,0.097915,0.100362,0.971440,0.485720
4,1,2000000,3.141592653589806,1.243449787580175e-14,0.083056,0.082187,1.186271,0.296568
4,2,2000000,3.141592653589806,1.243449787580175e-14,0.076577,0.082187,1.186271,0.296568
4,3,2000000,3.141592653589806,1.243449787580175e-14,0.086927,0.082187,1.186271,0.296568
8,1,2000000,3.141592653589806,1.332267629550188e-14,0.124074,0.113186,0.861378,0.107672
8,2,2000000,3.141592653589806,1.332267629550188e-14,0.113001,0.113186,0.861378,0.107672
8,3,2000000,3.141592653589806,1.332267629550188e-14,0.102482,0.113186,0.861378,0.107672
16,1,2000000,3.141592653589807,1.376676550535194e-14,0.231381,0.229094,0.425571,0.026598
16,2,2000000,3.141592653589807,1.376676550535194e-14,0.224200,0.229094,0.425571,0.026598
16,3,2000000,3.141592653589807,1.376676550535194e-14,0.231700,0.229094,0.425571,0.026598
