policy,threads,chunk_size,trial,width,height,max_iter,seconds,work_imbalance,checksum
static,2,1,1,400,240,300,0.284204,0.011107,63511591926
static,2,1,2,400,240,300,0.258961,0.011107,63511591926
static,2,1,3,400,240,300,0.260008,0.011107,63511591926
static,2,16,1,400,240,300,0.256989,0.107275,63511591926
static,2,16,2,400,240,300,0.268241,0.107275,63511591926
static,2,16,3,400,240,300,0.259094,0.107275,63511591926
static,2,64,1,400,240,300,0.262239,0.477086,63511591926
static,2,64,2,400,240,300,0.262881,0.477086,63511591926
static,2,64,3,400,240,300,0.257991,0.477086,63511591926
static,2,256,1,400,240,300,0.236221,2.000000,63511591926
static,2,256,2,400,240,300,0.239707,2.000000,63511591926
static,2,256,3,400,240,300,0.239774,2.000000,63511591926
static,4,1,1,400,240,300,0.332975,0.017781,63511591926
static,4,1,2,400,240,300,0.390553,0.017781,63511591926
static,4,1,3,400,240,300,0.402803,0.017781,63511591926
static,4,16,1,400,240,300,0.341585,0.170400,63511591926
static,4,16,2,400,240,300,0.369381,0.170400,63511591926
static,4,16,3,400,240,300,0.383883,0.170400,63511591926
static,4,64,1,400,240,300,0.324083,2.396348,63511591926
static,4,64,2,400,240,300,0.320141,2.396348,63511591926
static,4,64,3,400,240,300,0.339795,2.396348,63511591926
static,4,256,1,400,240,300,0.263736,4.000000,63511591926
static,4,256,2,400,240,300,0.261363,4.000000,63511591926
static,4,256,3,400,240,300,0.262069,4.000000,63511591926
static,8,1,1,400,240,300,0.556811,0.037623,63511591926
static,8,1,2,400,240,300,0.541090,0.037623,63511591926
static,8,1,3,400,240,300,0.550870,0.037623,63511591926
static,8,16,1,400,240,300,0.509979,2.028391,63511591926
static,8,16,2,400,240,300,0.497684,2.028391,63511591926
static,8,16,3,400,240,300,0.507139,2.028391,63511591926
static,8,64,1,400,240,300,0.411463,4.873434,63511591926
static,8,64,2,400,240,300,0.409908,4.873434,63511591926
static,8,64,3,400,240,300,0.429744,4.873434,63511591926
static,8,256,1,400,240,300,0.358031,8.000000,63511591926
static,8,256,2,400,240,300,0.366245,8.000000,63511591926
static,8,256,3,400,240,300,0.342743,8.000000,63511591926
static,16,1,1,400,240,300,1.111225,0.220564,63511591926
static,16,1,2,400,240,300,1.020771,0.220564,63511591926
static,16,1,3,400,240,300,1.021986,0.220564,63511591926
static,16,16,1,400,240,300,1.016979,4.245279,63511591926
static,16,16,2,400,240,300,1.035773,4.245279,63511591926
static,16,16,3,400,240,300,0.997310,4.245279,63511591926
static,16,64,1,400,240,300,0.693167,9.746868,63511591926
static,16,64,2,400,240,300,0.691708,9.746868,63511591926
static,16,64,3,400,240,300,0.700762,9.746868,63511591926
static,16,256,1,400,240,300,0.656407,16.000000,63511591926
static,16,256,2,400,240,300,0.677950,16.000000,63511591926
static,16,256,3,400,240,300,0.735399,16.000000,63511591926
dynamic,2,1,1,400,240,300,0.313345,0.002258,63511591926
dynamic,2,1,2,400,240,300,0.320617,0.013017,63511591926
dynamic,2,1,3,400,240,300,0.298245,0.144659,63511591926
dynamic,2,16,1,400,240,300,0.272928,0.069982,63511591926
dynamic,2,16,2,400,240,300,0.284836,0.044429,63511591926
dynamic,2,16,3,400,240,300,0.403175,0.046705,63511591926
dynamic,2,64,1,400,240,300,0.350745,0.436717,63511591926
dynamic,2,64,2,400,240,300,0.306923,0.436717,63511591926
dynamic,2,64,3,400,240,300,0.361919,0.436717,63511591926
dynamic,2,256,1,400,240,300,0.290497,2.000000,63511591926
dynamic,2,256,2,400,240,300,0.277576,2.000000,63511591926
dynamic,2,256,3,400,240,300,0.272143,2.000000,63511591926
dynamic,4,1,1,400,240,300,0.355393,0.222957,63511591926
dynamic,4,1,2,400,240,300,0.346155,0.572216,63511591926
dynamic,4,1,3,400,240,300,0.334076,0.806283,63511591926
dynamic,4,16,1,400,240,300,0.337583,0.329428,63511591926
dynamic,4,16,2,400,240,300,0.341923,0.773699,63511591926
dynamic,4,16,3,400,240,300,0.337280,1.465423,63511591926
dynamic,4,64,1,400,240,300,0.336864,2.396348,63511591926
dynamic,4,64,2,400,240,300,0.358146,2.396348,63511591926
dynamic,4,64,3,400,240,300,0.338999,2.396348,63511591926
dynamic,4,256,1,400,240,300,0.279684,4.000000,63511591926
dynamic,4,256,2,400,240,300,0.264032,4.000000,63511591926
dynamic,4,256,3,400,240,300,0.270857,4.000000,63511591926
dynamic,8,1,1,400,240,300,0.618977,7.990063,63511591926
dynamic,8,1,2,400,240,300,0.760468,7.989926,63511591926
dynamic,8,1,3,400,240,300,0.538996,4.989904,63511591926
dynamic,8,16,1,400,240,300,0.644794,2.995900,63511591926
dynamic,8,16,2,400,240,300,0.758155,3.186629,63511591926
dynamic,8,16,3,400,240,300,0.580177,2.091933,63511591926
dynamic,8,64,1,400,240,300,0.437371,4.873434,63511591926
dynamic,8,64,2,400,240,300,0.425496,4.873434,63511591926
dynamic,8,64,3,400,240,300,0.521135,4.873434,63511591926
dynamic,8,256,1,400,240,300,0.412817,8.000000,63511591926
dynamic,8,256,2,400,240,300,0.410540,8.000000,63511591926
dynamic,8,256,3,400,240,300,0.391342,8.000000,63511591926
dynamic,16,1,1,400,240,300,1.174230,8.756563,63511591926
dynamic,16,1,2,400,240,300,1.702346,9.947164,63511591926
dynamic,16,1,3,400,240,300,1.457963,15.955961,63511591926
dynamic,16,16,1,400,240,300,1.236624,4.245279,63511591926
dynamic,16,16,2,400,240,300,1.187417,4.245279,63511591926
dynamic,16,16,3,400,240,300,1.231690,4.245279,63511591926
dynamic,16,64,1,400,240,300,0.700539,9.746868,63511591926
dynamic,16,64,2,400,240,300,0.744118,9.746868,63511591926
dynamic,16,64,3,400,240,300,0.722115,9.746868,63511591926
dynamic,16,256,1,400,240,300,0.705931,16.000000,63511591926
dynamic,16,256,2,400,240,300,0.682407,16.000000,63511591926
dynamic,16,256,3,400,240,300,0.624454,16.000000,63511591926
