variant,threads,trial,iterations_per_worker,cache_line_bytes,stride_int64,seconds,correct,perf_cache_misses
unpadded,1,1,200000,128,16,0.055914,True,not_available_on_macos
unpadded,1,2,200000,128,16,0.073993,True,not_available_on_macos
unpadded,1,3,200000,128,16,0.058584,True,not_available_on_macos
unpadded,2,1,200000,128,16,0.060604,True,not_available_on_macos
unpadded,2,2,200000,128,16,0.056801,True,not_available_on_macos
unpadded,2,3,200000,128,16,0.059116,True,not_available_on_macos
unpadded,4,1,200000,128,16,0.065814,True,not_available_on_macos
unpadded,4,2,200000,128,16,0.064120,True,not_available_on_macos
unpadded,4,3,200000,128,16,0.059130,True,not_available_on_macos
unpadded,8,1,200000,128,16,0.120483,True,not_available_on_macos
unpadded,8,2,200000,128,16,0.126307,True,not_available_on_macos
unpadded,8,3,200000,128,16,0.099836,True,not_available_on_macos
unpadded,16,1,200000,128,16,0.213449,True,not_available_on_macos
unpadded,16,2,200000,128,16,0.186186,True,not_available_on_macos
unpadded,16,3,200000,128,16,0.206754,True,not_available_on_macos
padded,1,1,200000,128,16,0.055664,True,not_available_on_macos
padded,1,2,200000,128,16,0.055365,True,not_available_on_macos
padded,1,3,200000,128,16,0.054544,True,not_available_on_macos
padded,2,1,200000,128,16,0.057088,True,not_available_on_macos
padded,2,2,200000,128,16,0.059552,True,not_available_on_macos
padded,2,3,200000,128,16,0.056792,True,not_available_on_macos
padded,4,1,200000,128,16,0.066655,True,not_available_on_macos
padded,4,2,200000,128,16,0.065257,True,not_available_on_macos
padded,4,3,200000,128,16,0.062076,True,not_available_on_macos
padded,8,1,200000,128,16,0.096645,True,not_available_on_macos
padded,8,2,200000,128,16,0.094236,True,not_available_on_macos
padded,8,3,200000,128,16,0.097780,True,not_available_on_macos
padded,16,1,200000,128,16,0.176525,True,not_available_on_macos
padded,16,2,200000,128,16,0.168739,True,not_available_on_macos
padded,16,3,200000,128,16,0.165496,True,not_available_on_macos
local,1,1,200000,128,16,0.048421,True,not_available_on_macos
local,1,2,200000,128,16,0.046919,True,not_available_on_macos
local,1,3,200000,128,16,0.047154,True,not_available_on_macos
local,2,1,200000,128,16,0.045575,True,not_available_on_macos
local,2,2,200000,128,16,0.047470,True,not_available_on_macos
local,2,3,200000,128,16,0.045724,True,not_available_on_macos
local,4,1,200000,128,16,0.048217,True,not_available_on_macos
local,4,2,200000,128,16,0.052258,True,not_available_on_macos
local,4,3,200000,128,16,0.050252,True,not_available_on_macos
local,8,1,200000,128,16,0.086829,True,not_available_on_macos
local,8,2,200000,128,16,0.086152,True,not_available_on_macos
local,8,3,200000,128,16,0.082744,True,not_available_on_macos
local,16,1,200000,128,16,0.161733,True,not_available_on_macos
local,16,2,200000,128,16,0.152656,True,not_available_on_macos
local,16,3,200000,128,16,0.167128,True,not_available_on_macos
