cutoff,trial,array_size,workers,tasks,seconds,verified_sorted,status
1,1,20000,8,20000,0.184825,True,measured
1,2,20000,8,20000,0.180617,True,measured
1,3,20000,8,20000,0.180642,True,measured
10,1,20000,8,2048,0.063098,True,measured
10,2,20000,8,2048,0.066464,True,measured
10,3,20000,8,2048,0.063126,True,measured
100,1,20000,8,256,0.038062,True,measured
100,2,20000,8,256,0.038615,True,measured
100,3,20000,8,256,0.038396,True,measured
1000,1,20000,8,32,0.023414,True,measured
1000,2,20000,8,32,0.023673,True,measured
1000,3,20000,8,32,0.023907,True,measured
10000,1,20000,8,2,0.005026,True,measured
10000,2,20000,8,2,0.005062,True,measured
10000,3,20000,8,2,0.004986,True,measured
50000,1,20000,8,1,0.000767,True,measured
50000,2,20000,8,1,0.000762,True,measured
50000,3,20000,8,1,0.000759,True,measured
100000,1,20000,8,1,0.000755,True,measured
100000,2,20000,8,1,0.000753,True,measured
100000,3,20000,8,1,0.000779,True,measured
