challenge,variant,threads,seconds,speedup,efficiency_percent,megacells_per_second
1,pi,1,2.1804377599999043,1.0,100.0,
1,pi,2,1.451847526000165,1.5018366053954735,75.09183026977368,
1,pi,4,0.7770599660000244,2.806009645849952,70.1502411462488,
1,pi,8,0.4183361259999856,5.2121670218841665,65.15208777355208,
1,pi,9,0.3778363880001052,5.7708516946739845,64.1205743852665,
2,rows,9,1.2727724310000212,,,
2,cols,9,1.3008551820000775,,,
3,float64,1,0.4731713330002094,1.0,100.0,1426.5445789373323
3,float64,2,0.2407575040001575,1.9653440708535501,98.2672035426775,2803.6509300227603
3,float64,4,0.10702059200002623,4.4213111155289955,110.53277788822489,6307.197403653257
3,float64,8,0.08799712499990164,5.377122638958242,67.21403298697803,7670.705150887082
3,float64,9,0.08292198499998449,5.7062229395533395,63.40247710614821,8140.181400627665
3,float32,1,0.23450606899996274,1.0,100.0,2878.3903243037485
3,float32,2,0.15289647300005527,1.533757217538157,76.68786087690785,4414.751934792872
3,float32,4,0.11226640300014878,2.0888356866626605,52.220892166566514,6012.484429550179
3,float32,8,0.0742697059999955,3.157492894882026,39.46866118602532,9088.496997686256
3,float32,9,0.06718389800016666,3.4905100177334307,38.78344464148256,10047.050261929213
